train,val,test
TCGA-33-4583-01Z-00-DX3.f802363d-0e77-450e-bf45-928629c66e23,TCGA-77-8130-01Z-00-DX1.e9f78b45-ed59-4e80-83c2-c6d5bb68e622,TCGA-MN-A4N5-01Z-00-DX1.D0FBA0D2-6245-4EFD-AF2B-849215600DBE
TCGA-85-8052-01Z-00-DX1.26b66ae7-b73f-4263-85f7-e82dab5b657b,TCGA-75-6211-01Z-00-DX1.3E7B5948-521E-48EE-9204-80F5713ECD25,TCGA-MP-A4SW-01Z-00-DX1.A6651B25-A35A-4BDE-9EBF-D264A02003C8
TCGA-77-8136-01Z-00-DX1.15cdacc3-ee04-4323-b5e4-4f6d7085bd38,TCGA-77-A5G8-01Z-00-DX1.4F66CA44-C238-4293-882C-5357ABD7115F,TCGA-38-4627-01Z-00-DX1.fe406eb9-b38b-410d-aa1a-84ab8ac091c7
TCGA-73-4666-01Z-00-DX1.dd9c8922-ddd1-4674-8124-9e334532e47e,TCGA-67-4679-01Z-00-DX1.a3d84341-fed7-4235-a053-638ed5294954,TCGA-55-8619-01Z-00-DX1.46C7678A-6032-4C95-B535-85C87B92B6ED
TCGA-77-A5GH-01Z-00-DX1.2F4C2F84-17AE-415A-BF6C-01A899BAAE68,TCGA-69-A59K-01Z-00-DX1.01EAF520-9AC1-4ECC-8EF3-B9122924A1E3,TCGA-44-3398-01Z-00-DX1.74757c91-a0c6-4e7f-b2db-8748c68ffa44
TCGA-49-4494-01Z-00-DX3.e80b4534-4d6e-4d79-962e-017ffee24d67,TCGA-55-7903-01Z-00-DX1.40fc5dcb-b5bb-46b4-90bd-2eeb3ea880f5,TCGA-73-A9RS-01Z-00-DX1.EDCEFE41-61E2-48C9-B8D5-28B55372E0CA
TCGA-44-5643-01Z-00-DX1.83fb7631-0ecb-4473-bfb2-c8daa2f87d35,TCGA-85-A4CL-01Z-00-DX1.05BC31FF-3B88-489F-9BD2-5B2B31C72EDB,TCGA-75-6212-01Z-00-DX1.FCB36956-DF6C-485D-8E7A-922A2BDAE669
TCGA-43-7657-01Z-00-DX1.d8a5d257-c5ca-4192-b6a7-4698b8390fca,TCGA-85-7696-01Z-00-DX1.d8756b4c-819f-4a5c-b148-125b8c6b3c27,TCGA-55-8512-01Z-00-DX1.FD4B9CF5-1955-420E-A955-6D284772D2BE
TCGA-MN-A4N1-01Z-00-DX1.07CD10C3-73A7-47E5-AD45-45458CE33107,TCGA-67-3771-01Z-00-DX1.7B54D132-6AB7-4F2D-8BFF-33AFE83CF204,TCGA-78-7145-01Z-00-DX1.ecde66bf-2de8-4e31-b3ab-4fed4f055dda
TCGA-77-6843-01Z-00-DX1.5ced4995-81a1-4dfd-82b2-0cabf4538bc5,TCGA-33-6738-01Z-00-DX3.26deb8f3-f138-45e4-9765-f713030746e8,TCGA-62-A46U-01Z-00-DX1.5129535F-8B6A-4647-8A88-3EE125642874
TCGA-63-A5MY-01Z-00-DX1.D3753889-13DC-40D4-8845-22A168F35256,TCGA-93-8067-01Z-00-DX1.325d0cd5-9bb5-4f51-a197-75d3c3d19aaf,TCGA-MP-A4TC-01Z-00-DX1.C7DB4A7F-F6B8-4FA0-84C1-9B87D41C7749
TCGA-49-6761-01Z-00-DX1.10c577a2-f65c-4517-8a25-83d44e380f8f,TCGA-44-7671-01Z-00-DX1.00297baa-00e7-4894-a7b8-c9ac2a9d42d8,TCGA-49-AARR-01Z-00-DX1.9BCAFE3D-447C-40D6-85DD-AFABF6978376
TCGA-85-8664-01Z-00-DX1.d83b183e-4cc6-4608-93fb-46e69d36a2fa,TCGA-50-6597-01Z-00-DX1.ec7fc0b2-78a1-4384-bddd-e89f02ee5eb6,TCGA-78-7161-01Z-00-DX1.646cf15a-5961-4728-b9fe-fe3fff11831f
TCGA-44-8119-01Z-00-DX1.1EBEBFA7-22DB-4365-9DF8-C4E679C11312,TCGA-60-2712-01Z-00-DX1.97003dfc-4b37-4491-86e8-0801e6825aae,TCGA-MP-A4T6-01Z-00-DX1.085C4F5A-DB1B-434A-9D62-E2187D133B0A
TCGA-22-1005-01Z-00-DX1.4A151CC3-E57F-4345-817A-2B9DBAF98477,TCGA-60-2713-01Z-00-DX1.8cc5fb8d-be9c-4f25-b088-85e1feff834a,TCGA-55-7728-01Z-00-DX1.1d47a5fe-cab5-4d5a-a62b-16f345334d25
TCGA-33-4533-01Z-00-DX3.5d3d54fc-2bee-4a9e-b9cd-d3ed84b55ef0,TCGA-85-A53L-01Z-00-DX1.4B1C0D74-CF56-4B52-9EA0-9DC72EA07B1C,TCGA-55-7727-01Z-00-DX1.0c7a4953-16dc-41e0-845b-b89167ec17d7
TCGA-63-7021-01Z-00-DX1.568DD2DB-2196-4817-AA00-8843F9A24A62,TCGA-22-5491-01Z-00-DX1.19908BEC-3DDA-4BCD-9EB1-0D2C4A1E5110,TCGA-55-A490-01Z-00-DX1.07D77502-7216-4C23-9BB8-8DE99AECC920
TCGA-53-A4EZ-01Z-00-DX1.5D155F0B-A677-4589-AF00-A4C451F5B6B6,TCGA-86-7955-01Z-00-DX1.ef4f4d94-5efb-4a07-97cf-b0ed69085827,TCGA-64-5778-01Z-00-DX1.96C39819-8A65-4651-BE83-39959F6FAD05
TCGA-63-A5MG-01Z-00-DX1.EC6B6782-C52F-42B5-AD91-AB718B7EE1A6,TCGA-75-6206-01Z-00-DX1.63230D94-7015-4247-936D-E7ACD6692AB3,TCGA-64-5774-01Z-00-DX1.5E3B95EB-BF45-4687-BCF7-AA2A41AA806C
TCGA-64-1678-01Z-00-DX1.92C851BD-37AC-4C4C-9920-DF394411CC2C,TCGA-NC-A5HH-01Z-00-DX1.4138DC62-3487-4F4B-8D5C-D7693B303387,TCGA-49-4488-01Z-00-DX2.ce896a98-8b45-4606-8849-3a377b81e3de
TCGA-60-2710-01Z-00-DX1.45f8ef49-d5bb-404c-9ac5-c7882bc59b45,TCGA-78-7167-01Z-00-DX1.f79e1a9b-a3eb-4c91-a1fd-7bb58b1620b1,TCGA-49-4490-01Z-00-DX5.feea87ff-61c6-465e-8b36-4803f6af3d62
TCGA-49-4512-01Z-00-DX4.5161fcf5-62a3-4f7d-8a55-9a24a7d70efb,TCGA-66-2737-01Z-00-DX1.3c508c22-fadc-4b05-ada4-b447b21e098c,TCGA-MN-A4N4-01Z-00-DX1.7D8352EF-7A4B-4084-9612-CF92D9D16041
TCGA-33-AASJ-01Z-00-DX1.0201CE2A-4DE6-4B4E-A010-37D773207F52,TCGA-22-4599-01Z-00-DX1.2178D5C0-A444-44F5-B878-F5D1FB2943C9,TCGA-62-A472-01Z-00-DX1.C2F76C9A-C51A-4521-9B95-2A20063E9931
TCGA-34-8455-01Z-00-DX1.9B7A1CBA-0B53-4F2A-9AEC-D72FDB6553F7,TCGA-77-7141-01Z-00-DX1.3263490a-cfba-43a8-8198-5139dbf00bf9,TCGA-86-8359-01Z-00-DX1.11B8FDC3-4B84-4A22-B89D-46EA76345F13
TCGA-05-4250-01Z-00-DX1.90f67fdf-dff9-46ca-af71-0978d7c221ba,TCGA-77-7140-01Z-00-DX1.e75db0f0-839e-4ade-aa52-aa4736318d6c,TCGA-44-6776-01Z-00-DX1.551e200f-5f40-4b95-8b2f-7c6000a21be0
TCGA-MN-A4N1-01Z-00-DX2.9B0852C4-16BF-4962-B86F-E2570E48A89E,TCGA-85-A4QR-01Z-00-DX1.B5E18F89-D5B4-4F51-BC7E-9FA868A6A443,TCGA-44-6778-01Z-00-DX1.5e932267-cc68-4a8e-a660-fe2cc0c59ff4
TCGA-69-7765-01Z-00-DX1.ac389366-febb-488c-9190-fe00bc07cd20,TCGA-78-7542-01Z-00-DX1.2ee042a6-11ee-4668-b254-44144fca4234,TCGA-67-3774-01Z-00-DX1.FE85FDCB-91D2-47C5-8D13-D622A51A7BE0
TCGA-43-5668-01Z-00-DX1.0d024872-fbcc-4e91-948b-acc96a00d5eb,TCGA-44-3919-01Z-00-DX1.41144972-46a1-4b25-9faa-ed1b9d1996d2,TCGA-62-A471-01Z-00-DX1.51A235BB-7F67-4C0D-8B15-2E26116D8822
TCGA-33-4532-01Z-00-DX2.cd6e3f47-14fd-46e4-baf8-2e682ade44d1,TCGA-49-6743-01Z-00-DX2.f6b71e89-19ff-4d9b-a3f1-3a52949f1dc7,TCGA-49-4501-01Z-00-DX1.9c4bf212-5e32-449e-8710-cf7a3594156e
TCGA-86-8076-01Z-00-DX1.e7378b2f-e20e-4d2f-a86c-3a8ead08a385,TCGA-50-5044-01Z-00-DX1.7E0E651F-411B-4784-B0FA-6EB612527430,TCGA-55-7574-01Z-00-DX1.09639e6a-d85f-4d84-abbc-0f5a6d679683
TCGA-56-8083-01Z-00-DX1.140c8d5b-f660-4fef-b8da-6bb2c119c021,TCGA-66-2768-01Z-00-DX1.02fadcc4-9d05-4b37-9114-d8e80c09ef1a,TCGA-44-A47A-01Z-00-DX1.62448803-3A7B-41EC-9794-67916DA0792E
TCGA-44-2659-01Z-00-DX1.b33f40e6-bc18-48b0-8dad-bdb0a6a200b5,TCGA-55-8207-01Z-00-DX1.2dafc442-f927-4b0d-b197-cc8c5f86d0fc,TCGA-49-4506-01Z-00-DX1.b13b8ef2-fd06-4309-a767-696a9afeaedd
TCGA-18-3407-01Z-00-DX1.E7DDA7E3-45A2-4E06-A081-E6A81A672155,TCGA-NK-A5D1-01Z-00-DX1.CE05BFD3-F0C6-4440-AD09-8569D2BB89FA,TCGA-97-7938-01Z-00-DX1.d774d0a2-ee34-43ba-9d9d-34bf9718292e
TCGA-NC-A5HJ-01Z-00-DX1.0BC0D0C7-F3D3-463E-BA94-C4289D97F1D9,TCGA-33-4533-01Z-00-DX2.2dad01a3-daa7-45d9-8c74-97ea5e707524,TCGA-69-7973-01Z-00-DX1.aefb015a-cb51-425f-a80f-cd51091a0ee3
TCGA-49-4488-01Z-00-DX6.3ce306b2-1b00-48f7-8288-c24069037a9c,TCGA-49-6744-01Z-00-DX1.40f8f751-b756-4576-b1ee-8dd2e8f89ff7,TCGA-55-7816-01Z-00-DX1.A58C6196-E1A0-48B3-9B77-2EDCD7A43CBA
TCGA-49-6745-01Z-00-DX5.9521a16f-d6a7-460c-b75c-7341d72ce727,TCGA-51-6867-01Z-00-DX1.5f3a0562-efbe-413f-8e13-9826aaefa298,TCGA-49-4512-01Z-00-DX7.1f758560-85e2-4cf9-a81a-317536d96bcc
TCGA-86-8671-01Z-00-DX1.1fd0019c-df9d-48cc-9055-8de57759f273,TCGA-66-2780-01Z-00-DX1.895b75f9-6127-49f9-8106-0161b5de18ec,TCGA-4B-A93V-01Z-00-DX1.C263DC1C-298D-47ED-AAF8-128043828530
TCGA-05-4396-01Z-00-DX1.49DD5F68-7473-4945-B384-EA6D5AE383CB,TCGA-60-2708-01Z-00-DX1.3b59f6dc-02f8-4118-9037-f18ebb9bd539,TCGA-78-7220-01Z-00-DX1.3df84ce0-4395-4c9e-ba62-76b55676a440
TCGA-L9-A50W-01Z-00-DX1.21FAAB58-58EF-4A6A-8F0A-16D9AB9B1056,TCGA-63-7023-01Z-00-DX1.B2435594-037A-40F2-B90F-60B76D2C859D,TCGA-49-4494-01Z-00-DX4.4c6a4560-adee-4fc9-8fd8-feb7f89e51e3
TCGA-85-7697-01Z-00-DX1.b33aa550-81b0-4fab-8243-d041b0beaab5,TCGA-L9-A743-01Z-00-DX1.27ED2955-E8B5-4A3C-ADAA-82568ECCFB83,TCGA-75-7027-01Z-00-DX1.AC91B34F-DF67-4F95-B145-079A71A54E83
TCGA-L9-A444-01Z-00-DX1.88CF6F01-0C1F-4572-81E3-1A5790692861,TCGA-77-6842-01Z-00-DX1.934f1e6a-9c30-40ad-a764-7d0b6fdb92e9,TCGA-49-4514-01Z-00-DX4.79e9e14e-72ea-4e9f-9719-d1a791cf0b43
TCGA-78-7158-01Z-00-DX1.74db3dcd-2715-4ce7-8e48-30c8b7946ba0,TCGA-21-1071-01Z-00-DX1.a9bba825-1c92-4101-9086-c4d1c91117af,TCGA-67-6217-01Z-00-DX1.3fa5c69b-60d1-41fb-a86f-48f77d81285f
TCGA-49-AAR2-01Z-00-DX1.1F09F896-446E-4C55-8D01-6C34A98AB1D2,TCGA-98-8020-01Z-00-DX1.fcf8e956-c413-40ae-9f09-610403e70fb3,TCGA-97-7547-01Z-00-DX1.3563966f-21ee-4405-9106-9e0bf8df9f1a
TCGA-33-AAS8-01Z-00-DX1.774A64E2-17E4-468C-BFE9-85F0D4F52D0E,TCGA-38-6178-01Z-00-DX1.5932337D-BA2B-455D-9E34-22961EFA2170,TCGA-MP-A4TF-01Z-00-DX1.F98B0438-6D32-4EA3-ABA8-E624457EA658
TCGA-98-A53C-01Z-00-DX1.1E06B7B5-32C3-436C-AD66-27E5829ADA85,TCGA-18-5595-01Z-00-DX1.75235488-2F6F-42CE-8D7D-0E9A360E1C61,TCGA-62-A46R-01Z-00-DX1.AD823FBA-A63F-4D36-8B84-2C995DE5FC47
TCGA-77-8154-01Z-00-DX1.5ca9afa5-e5d8-46d7-b542-c27649bd214e,TCGA-49-4488-01Z-00-DX4.17c00349-5908-4944-9dba-5efea9a5373a,TCGA-38-4628-01Z-00-DX1.eee4f100-142f-4d9c-8e38-b16aab123413
TCGA-21-1070-01Z-00-DX1.06363f8a-ef29-4d73-95da-a3172d7873c0,TCGA-49-4512-01Z-00-DX8.c54237a3-93f4-432f-90f1-b930b7341741,TCGA-MP-A4TA-01Z-00-DX1.11DDADA4-B7A2-4216-9B18-7AD993AE12E4
TCGA-78-7153-01Z-00-DX1.5190321a-f1aa-4c6e-b4b9-6767b779682b,TCGA-95-A4VK-01Z-00-DX1.D09778E0-285E-4593-84C8-B6009DDF4E41,TCGA-78-7155-01Z-00-DX1.32258467-7550-4a1b-8df9-a869fb83e559
TCGA-66-2794-01Z-00-DX1.933c35d1-b63f-44ba-928a-1f49c7fbc452,TCGA-66-2783-01Z-00-DX1.34df2ea9-f8d8-448e-bd54-02364f434355,TCGA-97-A4M7-01Z-00-DX1.111ED60D-6E4A-47E9-AFD0-C2A109DE2C60
TCGA-39-5040-01Z-00-DX1.F314DFF3-AEBE-4171-8F04-5D2A61FDE208,TCGA-33-4538-01Z-00-DX3.27b62beb-d3c4-493b-8663-73f128c0ad77,TCGA-35-5375-01Z-00-DX1.10708170-750A-451B-BC10-0B4042540033
TCGA-49-4501-01Z-00-DX3.b6c2cc84-1c94-4816-92e7-8cf4446ac9ac,TCGA-69-7761-01Z-00-DX1.aa7ef5ef-8162-4961-a923-3a29646efba3,TCGA-49-4506-01Z-00-DX3.a05a3969-bbef-48d8-86de-f51c8870afd6
TCGA-37-3792-01Z-00-DX1.d95a9f5f-5bad-48fc-9f90-ed2580328b80,TCGA-78-7166-01Z-00-DX1.d19ad2d9-b006-4a13-ba54-2fec234c2373,TCGA-55-8205-01Z-00-DX1.6df6d499-f325-409d-acb1-9e13172f2bb4
TCGA-73-4658-01Z-00-DX1.d5beb44f-9d76-485a-8af4-407b0f1a610e,TCGA-44-6145-01Z-00-DX1.175ad655-b054-407d-bb22-3a4f85849488,TCGA-95-A4VP-01Z-00-DX1.1B145AC0-2471-4974-BBB6-C88BDF0BE8BD
TCGA-60-2704-01Z-00-DX1.e904afb3-7935-4df5-90dc-f7151e15b31b,TCGA-56-7222-01Z-00-DX1.f932abe9-4f5c-46d8-908b-29669681d2db,TCGA-50-6594-01Z-00-DX1.43b2005a-4245-4025-ad85-4a957f308a5c
TCGA-77-A5GF-01Z-00-DX1.8E70F660-4492-4BEB-A688-217DE27C1E6D,TCGA-L3-A4E7-01Z-00-DX1.69F3B1AF-F6DA-41FE-A72E-609F9D42E766,TCGA-MN-A4N4-01Z-00-DX2.9550732D-8FB1-43D9-B094-7C0CD310E9C0
TCGA-50-6590-01Z-00-DX1.B08B2656-3DC7-4D35-A54D-9C57A7A773B3,TCGA-77-8131-01Z-00-DX1.dcb8e2c7-0d2f-4b38-9db8-cc026a61699e,TCGA-99-AA5R-01Z-00-DX1.4DE7FC30-D338-49CE-B8D9-EB0F34A3DD0B
TCGA-55-6987-01Z-00-DX1.0c52b721-2209-4818-af8f-b22d37e6e81e,TCGA-55-8511-01Z-00-DX1.8EDFB05B-5B59-46EA-973C-1048B1E284D2,TCGA-44-A479-01Z-00-DX1.CA5654C6-A623-452E-A8AC-DB6279CA97B1
TCGA-49-4505-01Z-00-DX2.48df81e7-5a8e-4c5b-993a-6a54481a35e9,TCGA-98-8023-01Z-00-DX1.d04d976f-0a9f-44c6-a5f1-4b06885847f8,TCGA-55-8208-01Z-00-DX1.6eccb7e2-16e4-4d25-9a1e-b370e016020f
TCGA-73-4676-01Z-00-DX1.4d781bbc-a45e-4f9d-b6b6-2265282dff99,TCGA-46-3766-01Z-00-DX1.5870b2ed-78f0-4f68-b01e-2ef6d5353b57,TCGA-73-7498-01Z-00-DX1.5313bba9-7f6a-49b4-8d6e-a0f46a04f189
TCGA-33-4547-01Z-00-DX3.9f19ec7f-6469-463a-a027-124c3fe5a06c,TCGA-64-5815-01Z-00-DX1.1E3600B5-7E83-47BE-AC70-E0C2D623740B,TCGA-49-4490-01Z-00-DX4.4e94aeb6-f616-4bdd-82bc-2ca2f2b5a5c4
TCGA-86-7954-01Z-00-DX1.0a063ee6-18b7-4b66-9726-04fb452156cb,TCGA-63-6202-01Z-00-DX1.A0A13923-E41B-4A6D-BC55-532D8E90DE0F,TCGA-44-2665-01Z-00-DX1.d429e37e-3915-4da6-b5bc-bf2f09f4fbf7
TCGA-55-6968-01Z-00-DX1.810e0fee-99ab-465b-8ae9-fb416e4dca3c,TCGA-99-8033-01Z-00-DX1.06f8ca81-c0a7-4ab5-b2fe-d5fc6671e29d,TCGA-69-8255-01Z-00-DX1.75d1666c-c088-405c-80da-52d84b990361
TCGA-63-A5MJ-01Z-00-DX1.4F060025-3A21-4FEB-8A63-F55A95BFBA30,TCGA-50-5066-01Z-00-DX1.e161df31-84a4-40a4-a6a2-748b60820f77,TCGA-64-1676-01Z-00-DX1.3B8F1FAC-0FB2-45DE-AFA1-6ED451A4A61B
TCGA-97-8552-01Z-00-DX1.69631717-0E05-49C1-B112-15C2E36BC2F8,TCGA-50-5055-01Z-00-DX1.0c9d846b-89b4-4b18-a2eb-0f8d8e0a33c7,TCGA-77-7338-01Z-00-DX1.52f2f410-a5cb-47e8-a4f9-242616a21e8e
TCGA-63-A5MU-01Z-00-DX1.C80B700E-D924-4A6F-AC8E-D9C91D452A57,TCGA-70-6722-01Z-00-DX1.2f8498bb-bbd9-4eae-bb9e-6fe939ca0551,TCGA-94-8035-01Z-00-DX1.6962cc61-cb5f-44c9-95fe-1f382efec77a
TCGA-56-7580-01Z-00-DX1.dc642f9d-20ed-411b-8697-4e33bf7db57e,TCGA-44-2666-01Z-00-DX1.f81a89cf-6033-47ea-9a43-290a5d6a28c1,TCGA-60-2698-01Z-00-DX1.738ae69e-5170-46d6-b691-9f761f9a794b
TCGA-49-4488-01Z-00-DX8.b9fb358a-9618-4956-9544-c2ffe2678095,TCGA-97-A4M1-01Z-00-DX1.1C4B8247-BA3F-4841-BC9D-554F03F7894C,TCGA-33-A5GW-01Z-00-DX3.7A1C5169-96C6-4ECB-81E1-1050EFE84B60
TCGA-49-4494-01Z-00-DX1.2bf10e85-465a-4b17-abd7-3565f0e538a5,TCGA-63-7022-01Z-00-DX1.93EE6221-32E1-4E97-ABDB-E1814B655852,TCGA-96-A4JL-01Z-00-DX1.AB297723-8AF1-418D-ADBE-46B5D7703C34
TCGA-44-2662-01Z-00-DX1.398f3f84-fd48-4454-b789-a3e90cd36d73,TCGA-55-7914-01Z-00-DX1.875bffe1-8c56-4c29-ab11-6840ee3a643c,TCGA-22-1011-01Z-00-DX1.A67E3D3F-4B94-4335-8199-03B7CB75608E
TCGA-55-6969-01Z-00-DX1.713df9f6-1a91-4e0e-ad43-42e66dcca191,TCGA-86-8074-01Z-00-DX1.0c34b434-8701-4060-a4ea-08a72371ee1e,TCGA-77-8128-01Z-00-DX1.5831331a-8c82-4817-977e-1842250d9c7b
TCGA-77-8143-01Z-00-DX1.e844a7e1-ebba-4acb-8fe2-08aee2102848,TCGA-55-8513-01Z-00-DX1.E21776FE-DF49-48D1-90D6-6F71D0764492,TCGA-98-A538-01Z-00-DX1.42BC06E8-8E8F-4CF0-A757-B5201BB2794F
TCGA-73-4677-01Z-00-DX1.b557785c-9ccc-42a7-bb54-7bb47638ddfc,TCGA-69-7978-01Z-00-DX1.90a2bf2f-18e2-4bfe-b858-d2de619e2493,TCGA-43-7656-01Z-00-DX1.6076ce10-fcb2-4f29-b3f3-c3f5649dc469
TCGA-85-7950-01Z-00-DX1.ddf7d987-7e4f-4327-83d5-0047e2806ed1,TCGA-66-2778-01Z-00-DX1.5806ab4d-fdde-45b6-a131-fd5f71bcde0b,TCGA-34-2605-01Z-00-DX1.4DC249E9-26AD-4C0A-918C-3BC6C2DACDD0
TCGA-33-6738-01Z-00-DX6.631ec263-2df0-4d13-982b-14db382a2532,TCGA-49-4501-01Z-00-DX2.07b7723d-136b-490c-9dd3-7f3aef78d3d9,TCGA-33-4583-01Z-00-DX4.efa9cdaf-3a6a-4e31-9826-e90f6f3420b7
TCGA-85-7698-01Z-00-DX1.bc8a89a7-356e-4913-9632-627774730f48,TCGA-96-8169-01Z-00-DX1.d2e29d5e-abd4-4f36-958c-d9d22b836a34,TCGA-18-4721-01Z-00-DX1.C4952E79-071A-49C5-8E28-474442832D4E
TCGA-22-A5C4-01Z-00-DX1.54058689-5CA5-4F92-B18A-86208C24C87D,,TCGA-NK-A5CR-01Z-00-DX1.A7C57B30-E2C6-4A23-AE71-7E4D7714F8EA
TCGA-78-7159-01Z-00-DX1.399d865f-f4f9-4602-b15b-908be0afe459,,TCGA-33-4566-01Z-00-DX1.C256546D-D3EC-41DA-9681-06BA4B011DD2
TCGA-55-8510-01Z-00-DX1.BB1EAC72-6215-400B-BCBF-E3D51A60182D,,TCGA-85-8277-01Z-00-DX1.ffad077e-e969-40ba-8504-2f2103911758
TCGA-66-2770-01Z-00-DX2.58f25170-ac3a-471a-80a0-0586f2ae1669,,TCGA-56-7579-01Z-00-DX1.627f65b9-ac66-4f71-a6f4-394338b647f0
TCGA-78-7152-01Z-00-DX1.a04f9d84-3304-402c-9c0c-f64545c14781,,TCGA-98-8022-01Z-00-DX1.870ca00a-d779-4948-80b2-0f19d0f36b16
TCGA-78-7148-01Z-00-DX1.aac94f79-77f2-45e6-b0c3-0b103fecbb22,,TCGA-37-4130-01Z-00-DX1.37ccfdfe-fc20-4809-8dc7-e342242d0bfa
TCGA-91-A4BD-01Z-00-DX1.2E575CAC-6AEB-4049-972A-EA43457A9C9D,,TCGA-56-8304-01Z-00-DX1.F7A7975D-C8AB-49C0-B9CD-18CFD01A0655
TCGA-05-4424-01Z-00-DX1.4892016C-1A96-4A72-ACB8-FFD282FC4E69,,TCGA-63-A5MS-01Z-00-DX1.F58D7779-B8E0-4086-AF14-256B812F83CE
TCGA-44-6146-01Z-00-DX1.8db8c567-690e-4df3-98a9-f241b6a8d811,,TCGA-94-7557-01Z-00-DX1.ac61f900-6f9f-44eb-91ad-98c98af8b741
TCGA-60-2703-01Z-00-DX1.13cdede5-0135-4e05-9478-3b728cad247e,,TCGA-68-8251-01Z-00-DX1.9d453881-d5b3-4527-93fa-799f34ba2c8f
TCGA-55-A4DG-01Z-00-DX1.9CE9B7BE-48EF-44F1-9C25-F15700A3E5DE,,TCGA-77-7337-01Z-00-DX1.e15727e3-e9c8-44a0-87bb-caeaeb00840c
TCGA-56-8622-01Z-00-DX1.62B552C4-5CBE-4469-8DBB-E27497FF95F4,,TCGA-94-A5I4-01Z-00-DX1.F0CE4558-63A7-45FB-BA8C-1B20AB29A847
TCGA-22-0940-01Z-00-DX1.775CB101-6A55-40DD-B19F-7BFCA7820F5F,,TCGA-60-2697-01Z-00-DX1.e11a5b5b-c4be-4fe1-b7db-08879e55d552
TCGA-44-6775-01Z-00-DX1.38d3bc6d-8bb5-4126-8d61-d39e6a1d7bcf,,TCGA-43-6143-01Z-00-DX1.52d974a8-3f07-4e7f-8d3f-5d47f321298c
TCGA-37-4133-01Z-00-DX1.3dfcb0df-6f4b-4df7-9d04-085b36e03024,,TCGA-77-8146-01Z-00-DX1.19213f57-1890-4e56-9909-86e506be1833
TCGA-69-7764-01Z-00-DX1.be9fec48-68eb-4c27-a028-5315d7e368e0,,TCGA-22-4613-01Z-00-DX1.4BC3B7B8-99E7-4744-8F5A-089ECCDE144E
TCGA-33-AASD-01Z-00-DX1.DAB3D05A-A6CE-47D1-90B6-79EBABAC3454,,TCGA-77-8153-01Z-00-DX1.E8E40968-E7AD-4EA2-A832-8EC04D5CB7A1
TCGA-18-3410-01Z-00-DX1.DB186D75-4AEE-4E1B-83D5-5A1970F03581,,TCGA-33-A5GW-01Z-00-DX1.6F0833B7-EDAB-4DF4-83D9-393D8ADBFCF3
TCGA-33-4538-01Z-00-DX4.038eb76c-beff-46f0-b0bb-b5c951305b52,,TCGA-66-2758-01Z-00-DX1.23611c66-bd21-47d1-abb0-2f3da38c377f
TCGA-49-4507-01Z-00-DX1.1df4e286-ea89-4c38-ad53-a26e5b7b0402,,TCGA-60-2706-01Z-00-DX1.db003232-66ab-437e-81c7-f490310ca03a
TCGA-66-2763-01Z-00-DX1.99bc6dec-4e57-45bb-8d94-4dc38657d852,,TCGA-66-2773-01Z-00-DX1.70fe76fc-749d-4720-a97e-40cd097f2340
TCGA-18-3409-01Z-00-DX1.3E32CC78-B066-4F85-A781-EDAF39DE0704,,TCGA-37-A5EN-01Z-00-DX1.C389C26A-2B88-4DCA-9B32-FEECDFFC35A6
TCGA-69-8253-01Z-00-DX1.631c741f-46bd-4d4b-8f6c-64787fb4c402,,TCGA-NC-A5HK-01Z-00-DX1.9CC2445A-D1EA-4E6E-96CF-710D2CDA073B
TCGA-21-1080-01Z-00-DX1.7afa55df-e460-406e-ae9a-43ac4a71d0b0,,TCGA-98-A53D-01Z-00-DX1.C83DC622-2C62-40D6-AC07-E8275D414B22
TCGA-33-4538-01Z-00-DX6.4eef2215-0a0e-478d-81be-207d566e8788,,TCGA-63-A5MB-01Z-00-DX1.BA2648E1-4683-4992-A00C-96179C51A002
TCGA-98-A53J-01Z-00-DX1.EEC6256E-D331-4731-B00C-08622C725F61,,TCGA-43-5670-01Z-00-DX1.1b5d262e-1f39-4f6f-883c-52101b57791f
TCGA-49-AAQV-01Z-00-DX1.4CC37621-C952-4684-96E3-9B97CDAD8056,,TCGA-85-8355-01Z-00-DX1.146ECC8D-858B-4DDA-B7FE-DBC22CC8C24D
TCGA-49-4494-01Z-00-DX5.1e9e22d6-a4c9-40d1-aedb-b6cd404fe16f,,TCGA-60-2724-01Z-00-DX1.98f9e48f-9c09-4969-aa34-05666616ee9a
TCGA-66-2795-01Z-00-DX1.4141cb69-b675-49c4-85c5-21d630b5143d,,TCGA-56-8201-01Z-00-DX1.883903fb-d70d-4c72-be76-6788b1bc3b35
TCGA-97-7554-01Z-00-DX1.4107ca63-4642-42b9-b6f2-13778ecaf9a7,,TCGA-56-7822-01Z-00-DX1.c387e241-ff4c-44ef-af45-12a85066f0ce
TCGA-95-A4VN-01Z-00-DX1.B997A80F-C396-40AB-808A-B70EB83A2B74,,TCGA-43-7658-01Z-00-DX1.db69fbb6-59d7-49f5-adbf-f9c030b85b73
TCGA-18-4086-01Z-00-DX1.1D06B771-F978-4763-8D4E-7B540E02C55A,,TCGA-37-3789-01Z-00-DX1.d7a4923e-988e-45e9-a64e-30c983740614
TCGA-44-4112-01Z-00-DX1.5380b3b4-0e24-4c6c-aa8c-298c5fbe068f,,TCGA-43-2576-01Z-00-DX1.779df209-95e1-4303-9c32-4083e8088d8e
TCGA-63-A5MP-01Z-00-DX1.BBA62567-2E99-4AE4-83DB-DCF044F21C5E,,TCGA-77-7139-01Z-00-DX1.b8b79b0c-4ea0-4f6c-8e6e-29ad76eca78f
TCGA-66-2744-01Z-00-DX1.e67796a0-fc9e-4137-8cbf-fae91ea90a7c,,TCGA-33-4538-01Z-00-DX1.efde88cb-4766-4fb6-bed9-52b14059c7c1
TCGA-37-A5EL-01Z-00-DX1.DFD49A5B-27F6-407E-8ADA-54EDACAA0788,,TCGA-60-2715-01Z-00-DX1.22710dc4-eaf5-44c2-8438-c6dcfae1d452
TCGA-55-8204-01Z-00-DX1.30ba69f3-53f1-41cc-826c-20dce3cfe86b,,TCGA-33-A5GW-01Z-00-DX2.8E12990B-CA60-4C94-9309-9A0DA6C63588
TCGA-85-8354-01Z-00-DX1.C9188133-08F4-43DD-BB60-6F7293CDB5B9,,TCGA-22-5483-01Z-00-DX1.79EF4B70-4703-4FF1-81CA-20014A932437
TCGA-90-A4EE-01Z-00-DX1.3FC7A945-7D20-4A50-9D9E-436924F1A103,,TCGA-66-2788-01Z-00-DX1.1a57324a-5b00-44ed-912d-9522d0141500
TCGA-78-7154-01Z-00-DX1.596c20c2-e811-4b5e-961c-98343afcccde,,TCGA-NC-A5HG-01Z-00-DX1.129E83E5-1C4D-4B31-8750-64D10A65267F
TCGA-22-1000-01Z-00-DX1.D2ACF3D3-6187-49A1-ABBC-8D8E611EEE55,,TCGA-21-1081-01Z-00-DX1.fce8927a-2c5f-4a64-8414-da66424b3859
TCGA-85-6175-01Z-00-DX1.102f9bad-4084-4e3a-99e9-91e026ad9a62,,TCGA-L3-A524-01Z-00-DX1.F3C6DE3B-C59E-4805-A03F-4A0CA3AB2A5E
TCGA-22-1012-01Z-00-DX1.053F81FA-F91A-42B0-8F12-CD2495FA9E99,,TCGA-85-A4CN-01Z-00-DX1.051538DE-0F7E-4CE1-9D87-18155D9DCC8B
TCGA-22-5478-01Z-00-DX1.6368788A-96D5-499B-A199-89BF1413AE43,,TCGA-22-4595-01Z-00-DX1.42F28D1E-7AC2-4113-B4EC-F1E7850EA14D
TCGA-43-A474-01Z-00-DX1.9BCC325D-875A-4285-85E9-2EA550A10949,,TCGA-39-5022-01Z-00-DX1.1bf6a4da-0b59-4478-bcf1-b004f0356342
TCGA-86-8055-01Z-00-DX1.546dc42e-3742-4da5-8f9b-80732180ce76,,TCGA-85-8070-01Z-00-DX1.54e7edf1-28d3-4fd5-bab3-951e58620386
TCGA-66-2734-01Z-00-DX1.2c23bc49-e2be-480a-b6a8-d3259a584930,,TCGA-77-6844-01Z-00-DX1.5ace8702-ea00-4e0d-84e8-6615fc361f5a
TCGA-49-4514-01Z-00-DX1.9c304807-2a0c-44f7-97cc-fbd30f2c740f,,TCGA-39-5028-01Z-00-DX1.7994ec22-746d-4c30-8138-e6c9bc67c71f
TCGA-73-4668-01Z-00-DX1.3470b27e-210f-4ff3-9dde-69aa85faa9ee,,TCGA-56-8628-01Z-00-DX1.AAC57164-E0F9-4DF0-87EA-5C50FB201895
TCGA-85-8049-01Z-00-DX1.59554c0f-d04a-41f2-b152-654a848b0443,,TCGA-43-3920-01Z-00-DX1.33ab7101-e3e6-4156-9c16-efae940c8156
TCGA-95-8039-01Z-00-DX1.38b07435-987d-495d-9940-ba5f20e6ef97,,
TCGA-44-A47G-01Z-00-DX1.810F67EC-3A0C-4056-B736-3331A11412CC,,
TCGA-78-8660-01Z-00-DX1.11E923ED-C01B-439D-8796-08C9E3DC2D93,,
TCGA-75-5125-01Z-00-DX1.2E419CAF-E248-4959-951E-498D8054433E,,
TCGA-34-5240-01Z-00-DX1.03785f14-494a-4898-9ae0-59e64250c33b,,
TCGA-33-4538-01Z-00-DX2.62dcecc8-576b-406b-81db-1651e5ea589e,,
TCGA-49-6745-01Z-00-DX6.3174fffa-c17c-44d1-8d21-1921a9ec1bee,,
TCGA-NC-A5HM-01Z-00-DX1.CBAF06E0-5185-4A9C-B005-F7D2C0945032,,
TCGA-97-7546-01Z-00-DX1.dad9871f-cdfb-424d-a5b2-4e0905c29137,,
TCGA-60-2723-01Z-00-DX1.1c12de5a-5d31-468e-9169-feb23d24e7d6,,
TCGA-55-8097-01Z-00-DX1.2f847b65-a5dc-41be-9dd0-a1e11df3cd10,,
TCGA-66-2727-01Z-00-DX1.cab55166-3a9a-4f2e-9f7a-33859ab32d12,,
TCGA-50-5946-01Z-00-DX1.5076CACA-E3C0-4114-BA69-5B4896FF0C4B,,
TCGA-44-6148-01Z-00-DX1.94c29c83-1085-458f-a0c9-3ffa8592cb98,,
TCGA-85-A4QQ-01Z-00-DX1.321B5149-FC07-434D-9819-3F8821D77849,,
TCGA-86-6851-01Z-00-DX1.0b13e600-fd7b-44a2-9ec2-26e9938fb7bc,,
TCGA-22-4605-01Z-00-DX1.5B725941-80CE-497B-8A1E-856D16DD2870,,
TCGA-55-8614-01Z-00-DX1.043DE2B5-A453-4570-8830-99170450658C,,
TCGA-50-5942-01Z-00-DX1.da1b1274-8740-4c79-adf9-25800913eafa,,
TCGA-98-8021-01Z-00-DX1.2ab0e341-e248-4df3-84c4-df5e60dc0372,,
TCGA-55-A48Z-01Z-00-DX1.0867DC6A-2A51-4CF1-AE3F-0526CE2DD740,,
TCGA-68-A59J-01Z-00-DX1.B143855E-2B30-4562-B809-68AA723F5BD9,,
TCGA-77-7465-01Z-00-DX1.25e4b0b4-4948-432f-8010-a6c6e4652cab,,
TCGA-MP-A4TK-01Z-00-DX1.57494698-D9D9-4C04-AAB2-16616CCFDCC9,,
TCGA-56-8623-01Z-00-DX1.119C11E2-16E4-48A9-B8BD-6F1E8CBFEBA1,,
TCGA-66-2781-01Z-00-DX1.ed9ff5b7-7c66-4bf7-bfb5-ca48b9e1a54e,,
TCGA-49-AAR3-01Z-00-DX1.B4D85F13-CEB4-46DA-BF39-0200B9E55835,,
TCGA-21-A5DI-01Z-00-DX1.E9123261-ADE7-468C-9E9A-334E131FFF97,,
TCGA-55-A48Y-01Z-00-DX1.D8735347-E060-439F-B5A1-1E47A958A392,,
TCGA-38-4630-01Z-00-DX1.d08d0193-c5ed-4db8-b236-1a4c3c3177b8,,
TCGA-21-5787-01Z-00-DX1.FEE037E3-B9B0-4C2E-97EF-D6E4F64E1DF9,,
TCGA-53-7626-01Z-00-DX1.FD4CAF75-07B5-4117-83DD-99233DAA3EBC,,
TCGA-49-6744-01Z-00-DX4.a3d7995d-399f-4c53-aab8-adc4ea4dbfa8,,
TCGA-78-7150-01Z-00-DX1.46e6e65c-521c-49de-b106-419dc840b235,,
TCGA-O2-A52N-01Z-00-DX1.FF1DD149-4DBE-44C7-872D-FA7E8FE770A8,,
TCGA-46-6026-01Z-00-DX1.e0248ea6-ae04-4960-95a8-f39b8e168a38,,
TCGA-56-A5DS-01Z-00-DX1.952C8777-4B8F-415A-9D27-C155D1623A86,,
TCGA-05-4433-01Z-00-DX1.5843D3CC-CB24-4A0A-BB65-78A5DAA11D84,,
TCGA-99-8032-01Z-00-DX1.7380b78f-ea25-43e0-ac90-194b5c6b1432,,
TCGA-50-5066-02Z-00-DX1.A2CA045A-7956-4E04-9EC9-5856FC789110,,
TCGA-93-7347-01Z-00-DX1.a22b7163-07bd-4f6a-97c7-f1561c4d73cb,,
TCGA-55-6981-01Z-00-DX1.5fecd134-42a0-40a2-be75-1e8bd14c5b30,,
TCGA-55-6978-01Z-00-DX1.2ef6d6aa-2a19-4bce-b845-cc83ac81a1c3,,
TCGA-55-6983-01Z-00-DX1.8f940a64-1f1b-4e6e-99ea-418175be2b3f,,
TCGA-37-4141-01Z-00-DX1.65256656-b0e0-4705-ad00-38f6c8922cfc,,
TCGA-86-8075-01Z-00-DX1.171bd8bd-af24-4770-b24b-732e675efd75,,
TCGA-52-7622-01Z-00-DX1.cb3bb056-27dd-4c15-9004-b06cc8923663,,
TCGA-44-2656-01Z-00-DX1.5f247f31-4bb5-460d-a1f7-7dcdba33c835,,
TCGA-55-6986-01Z-00-DX1.ae52d41e-3cd6-4d36-b04b-2ea7d29bd8da,,
TCGA-49-4505-01Z-00-DX3.d3f8d0c4-e4bc-4201-9b2f-e010f51dd8c3,,
TCGA-MF-A522-01Z-00-DX1.4934A011-8C04-43B7-A358-16AA64BB6B0C,,
TCGA-60-2707-01Z-00-DX1.4aafd76b-eb0e-4ab9-a740-682c169a3c3d,,
TCGA-78-7163-01Z-00-DX1.42880bdf-271d-41dd-aada-e7ec1156ff31,,
TCGA-55-8085-01Z-00-DX1.ff220eba-3515-4d2e-b317-76337dd3d206,,
TCGA-49-AAR0-01Z-00-DX1.1635383C-0FB3-4CF9-BABC-08AC19CCE501,,
TCGA-33-4586-01Z-00-DX2.a9798fe4-8db9-41d7-8d00-eb2a9eef1bc0,,
TCGA-34-7107-01Z-00-DX1.c72202e6-740d-4891-945c-f360f7c56bc9,,
TCGA-33-A4WN-01Z-00-DX1.438D0EF6-C329-41E5-A7D5-7F037DE34106,,
TCGA-58-A46M-01Z-00-DX1.DCC711DA-EB83-498E-9AFA-33E874EA537C,,
TCGA-33-4547-01Z-00-DX1.7009df06-03f9-497a-b7bd-f8ef4244d152,,
TCGA-70-6723-01Z-00-DX1.1e6468e8-0d39-48a9-af32-9968f9207810,,
TCGA-52-7810-01Z-00-DX1.54fcdfff-c1ac-4427-bb33-54959695134f,,
TCGA-98-A53B-01Z-00-DX1.5429DF3F-9F1C-4DEE-8A7A-CCB3E2BBDC8A,,
TCGA-97-A4M0-01Z-00-DX1.BDDFB04C-2475-485A-9A85-C4B9EB15155E,,
TCGA-77-8008-01Z-00-DX1.29c3c1c6-7602-40c6-bc86-b40132df9309,,
TCGA-J2-A4AD-01Z-00-DX1.C3C3B0C6-0666-4CCF-8422-345560B237DA,,
TCGA-94-8491-01Z-00-DX1.CC486AFA-3215-4CED-9000-EE4095FF7947,,
TCGA-MP-A4T8-01Z-00-DX1.3ECB340F-66C7-4F64-8E00-463BF82AAD83,,
TCGA-49-4507-01Z-00-DX2.a7bfbeee-00ea-4301-ace4-ce591807e2d3,,
TCGA-05-4426-01Z-00-DX1.4c9da782-f4aa-4c4f-b3aa-fae2259f236f,,
TCGA-49-6742-01Z-00-DX1.23e8883f-0ecc-4359-a8b5-75d49f43a08b,,
TCGA-43-3394-01Z-00-DX1.4c2f49b9-9dac-41d8-a62b-64c8928caa3c,,
TCGA-44-7660-01Z-00-DX1.f96c114b-f0fc-498a-97cc-e262344de357,,
TCGA-60-2709-01Z-00-DX1.ded10e7c-c1ca-4402-be0e-f3978994d4af,,
TCGA-96-A4JK-01Z-00-DX1.DD4071B6-75CA-475D-B742-925EA6BE9F0A,,
TCGA-58-A46N-01Z-00-DX1.5D51252C-5294-4E40-ABB2-31C3BE1039F8,,
TCGA-39-5027-01Z-00-DX1.54a3e035-7178-4786-870b-1f6adfb82331,,
TCGA-39-5029-01Z-00-DX1.74c5cb38-650e-4fe7-bc63-f6e88761346d,,
TCGA-05-4397-01Z-00-DX1.00e9cdb3-b50e-439c-86b0-d7b73b802c0d,,
TCGA-33-6738-01Z-00-DX1.d688fae9-4daf-4b6e-b907-fb55e3983d62,,
TCGA-37-4132-01Z-00-DX1.5e5a564d-6561-48e7-a3a2-81a523392d8b,,
TCGA-56-7223-01Z-00-DX1.dd01c478-6dfa-4757-85fd-d956d70ec372,,
TCGA-85-8072-01Z-00-DX1.3a0ad5a6-c93e-428c-94e7-809ceaf01ef1,,
TCGA-44-3396-01Z-00-DX1.187b0a68-ad51-4fcd-819c-b74a8599dbe9,,
TCGA-86-8668-01Z-00-DX1.d720d486-02c7-4f98-8feb-e0e50a12c158,,
TCGA-94-7943-01Z-00-DX1.361fc645-89ae-4934-8c27-12907bc2a9ee,,
TCGA-49-AAR4-01Z-00-DX1.EDB32358-AF23-4F81-A99F-15574A2DE28E,,
TCGA-75-7031-01Z-00-DX1.B058D81B-E869-4AEA-8CAC-4B6264FB86A8,,
TCGA-J2-A4AG-01Z-00-DX1.487780B8-18E7-494A-8054-5637239870EB,,
TCGA-55-8507-01Z-00-DX1.3C6198CF-3E13-4C4C-B851-5BDFF8552621,,
TCGA-56-6546-01Z-00-DX1.4fecf41b-6757-4c0d-98c4-24b9a65144f1,,
TCGA-22-5477-01Z-00-DX1.D4CA03F8-FFA8-4926-B93C-EBFDC6791B1F,,
TCGA-22-5482-01Z-00-DX1.901F90D4-1F4E-4344-925B-37B7DD78B751,,
TCGA-NK-A7XE-01Z-00-DX1.47D9E488-0BB8-4611-A6BA-A6ABC32FA4C9,,
TCGA-98-A53A-01Z-00-DX1.CB328332-8AA9-483D-8BBF-5FD752A2A6B6,,
TCGA-55-1596-01Z-00-DX1.de65522d-92ab-408e-9b7e-24210d386b97,,
TCGA-77-A5G3-01Z-00-DX1.7ED6F76A-333F-43DB-B8DF-86BF259DCEFB,,
TCGA-33-4538-01Z-00-DX8.ec0d10ef-ec0e-4ad2-81fb-907754694e42,,
TCGA-58-A46J-01Z-00-DX1.4BF4AAC3-2020-41EA-A181-5E90A23DA024,,
TCGA-33-4547-01Z-00-DX6.2bcc33c0-31f2-4354-b954-64bd646f40df,,
TCGA-44-2661-01Z-00-DX1.20cfa0f8-e3ca-4c26-9dfe-b9d416cd94b1,,
TCGA-21-1072-01Z-00-DX1.9e6c90ad-0529-4b8b-a4f8-1b05430600f9,,
TCGA-05-4430-01Z-00-DX1.95659bbb-3091-4370-bc1d-6c6c1baa7b3d,,
TCGA-NC-A5HN-01Z-00-DX1.51BA5504-7EFE-47F9-82A3-DCE0DCCF76D1,,
TCGA-98-A539-01Z-00-DX1.420AA419-0146-4991-B98D-28E647E45F07,,
TCGA-77-8156-01Z-00-DX1.9ed8c07d-61f3-4f6b-9c8b-312917c64e04,,
TCGA-33-A4WN-01Z-00-DX2.0AC8FFA9-BD94-4B28-8066-5430D6053432,,
TCGA-44-5644-01Z-00-DX1.7e4edaa7-25c6-49f4-81bc-f50d6c5fac38,,
TCGA-NK-A5CT-01Z-00-DX1.D41A2900-E398-434F-AAC4-5CEA1FDC0479,,
TCGA-97-A4M5-01Z-00-DX1.283AFBA6-A349-425F-A18E-5CA186084C23,,
TCGA-05-4245-01Z-00-DX1.36ff5403-d4bb-4415-b2c5-7c750d655cde,,
TCGA-O1-A52J-01Z-00-DX1.26F6ECCA-D614-4950-98E6-4D76E82F71B4,,
TCGA-63-A5MI-01Z-00-DX1.D9A91E42-FF46-4A88-90A0-2A0214634EB4,,
TCGA-56-8626-01Z-00-DX1.C9836EAF-F005-40E9-B781-1D5586141F0D,,
TCGA-66-2800-01Z-00-DX1.19a7cec8-8894-4755-aa2c-ae5266800355,,
TCGA-56-1622-01Z-00-DX1.d4178664-1e21-452f-9dbf-1b23467ddabc,,
TCGA-55-7911-01Z-00-DX1.081bc002-06ee-4218-a25f-26c0e6c4b333,,
TCGA-90-7964-01Z-00-DX1.25D2CC5D-2383-41FE-B5D5-0ACFC0F8209B,,
TCGA-68-7757-01Z-00-DX1.4eece254-a119-436a-af3c-fad8e8b7f74b,,
TCGA-34-2596-01Z-00-DX1.be778d17-d06c-4300-aaf1-c0acbef8fa41,,
TCGA-46-3765-01Z-00-DX1.f45e4e30-e60c-40e5-a0b7-4513c0c37fda,,
TCGA-86-8358-01Z-00-DX1.C50100F8-9414-4A06-BEDF-93E7B01B24D6,,
TCGA-67-6216-01Z-00-DX1.04da6a64-bd3a-48ed-bc99-d651e00a1aa4,,
TCGA-55-8621-01Z-00-DX1.7C519007-D59D-432A-BF4D-23D14A1C8BB6,,
TCGA-71-8520-01Z-00-DX1.EAE99132-A397-4B4D-8B09-CBB774A7B62F,,
TCGA-44-A4SU-01Z-00-DX1.AE2607C1-B208-4557-ADB4-6AAF03C6D3A9,,
TCGA-67-6215-01Z-00-DX1.c014ffaf-6db8-42ef-a50c-9de98d6a5345,,
TCGA-34-5928-01Z-00-DX1.d336efc9-3ebb-4457-a81b-1e448781f999,,
TCGA-97-A4LX-01Z-00-DX1.B2334672-A626-4E74-B4D1-A79F70F65909,,
TCGA-50-5045-01Z-00-DX2.0FCA12EA-572E-4A7D-900D-6E200892170E,,
TCGA-22-4593-01Z-00-DX1.B573D1D5-88CE-4989-8A18-F9545E8ACA82,,
TCGA-49-4490-01Z-00-DX3.0949a10a-0a1f-49dc-9296-ab4d4f0bf988,,
TCGA-05-4432-01Z-00-DX1.90d00d62-402b-404a-85e2-0edf869193ab,,
TCGA-50-5068-01Z-00-DX1.13f1c31e-4d4c-4562-8447-c5bbfbf670a9,,
TCGA-66-2755-01Z-00-DX1.ccc904f0-4cd3-44a5-8b68-7272f2a7558f,,
TCGA-66-2785-01Z-00-DX1.b9439ee1-d22b-4ccd-b53b-ce7717a37a17,,
TCGA-NC-A5HP-01Z-00-DX1.655093A9-AAA7-4637-A33E-90FE3AE2FC43,,
TCGA-49-4494-01Z-00-DX7.9f722476-622e-4374-9fda-ef35184f01e0,,
TCGA-49-4512-01Z-00-DX6.985c9088-ff83-4f13-8a95-cb55aa48682b,,
TCGA-55-8301-01Z-00-DX1.2A66E0FC-84F2-4DF8-B06E-D7CDD7AA82C7,,
TCGA-66-2769-01Z-00-DX1.101b6493-a7b3-42cf-ae2f-a90948f3fb8f,,
TCGA-L4-A4E5-01Z-00-DX1.C2A5EF71-1F40-4E34-AC30-58D7121C1338,,
TCGA-55-6972-01Z-00-DX1.0b441ad0-c30f-4f63-849a-36c98d6e2d3b,,
TCGA-86-8280-01Z-00-DX1.52627b97-1cfa-4382-819b-949b58c0f995,,
TCGA-99-8028-01Z-00-DX1.23de89b1-67f8-41fb-980a-010ea190d687,,
TCGA-37-4129-01Z-00-DX1.0b52aa1e-20d4-4084-8fa1-2f1b7f09dd5b,,
TCGA-92-8064-01Z-00-DX1.72c1a8db-146c-4408-8d31-43baba769fdf,,
TCGA-93-7348-01Z-00-DX1.d657dc43-ca6c-404a-8ebe-6e6b78a8d1d1,,
TCGA-55-8620-01Z-00-DX1.6591EEC4-D696-4826-80BD-99BE1D99EBB8,,
TCGA-55-8514-01Z-00-DX1.499CF563-B404-4061-9D1A-57954BBE2CE7,,
TCGA-49-6745-01Z-00-DX1.6bf8a38c-5e3a-4b32-8870-03bc06c0db80,,
TCGA-05-4249-01Z-00-DX1.9fce0297-cc19-4c04-872c-4466ee4024db,,
TCGA-56-8308-01Z-00-DX1.48CAE02B-05B1-4681-B68C-DD32C414FD2D,,
TCGA-MP-A4SY-01Z-00-DX1.9535274F-C850-409E-80A1-B933B2F1A110,,
TCGA-86-7701-01Z-00-DX1.a8a6e71e-9fa9-42c6-a186-0ac7526e9960,,
TCGA-77-A5G1-01Z-00-DX1.ABE53201-3FAD-4F05-9F2B-91BA6257569C,,
TCGA-33-6738-01Z-00-DX4.8a8b2411-f425-4181-82cc-0c8535055028,,
TCGA-21-1077-01Z-00-DX1.e7d0d3ca-b24c-4b2b-bb8f-13cc6991fb78,,
TCGA-73-4662-01Z-00-DX1.76e23a15-0917-44ad-9181-50100d318003,,
TCGA-78-7539-01Z-00-DX1.b838d859-2fb7-48d1-a442-d366ac404099,,
TCGA-55-A57B-01Z-00-DX1.8D3C7063-3AF6-4839-A656-F844EC0AF9DB,,
TCGA-60-2711-01Z-00-DX1.186b9a92-fcae-45b6-a52c-e8da0c1a419c,,
TCGA-86-8585-01Z-00-DX1.bc0b1c69-f71d-46fc-8195-2d205002e6e5,,
TCGA-46-3767-01Z-00-DX1.1f1899f9-7d6e-438c-b7ac-701ea088734d,,
TCGA-94-7033-01Z-00-DX1.43146ed9-30a5-420d-bd92-b1acdce11103,,
TCGA-38-4632-01Z-00-DX1.5E05F85C-53BC-4280-8E7F-8B9DECEF849F,,
TCGA-66-2770-01Z-00-DX1.c11eb894-06a2-4bd0-92da-70fe024b07f1,,
TCGA-77-6845-01Z-00-DX1.1d8e2711-a82c-4d9b-97e2-d966417731b7,,
TCGA-55-5899-01Z-00-DX1.faa65b08-150c-4c74-95aa-1e8743f0152c,,
TCGA-75-5122-01Z-00-DX1.627FD712-3881-44CC-83E0-6C4DFC6C88C1,,
TCGA-55-8089-01Z-00-DX1.da4d99ff-4a7c-45a3-b79c-039c0c9e9712,,
TCGA-66-2754-01Z-00-DX1.3cd19122-06f3-420e-9c3f-362225ff49eb,,
TCGA-50-5931-01Z-00-DX1.34261ED6-7815-487C-A50C-2DAD587187B9,,
TCGA-18-3408-01Z-00-DX1.B4AFC08A-7460-4EE6-B033-629C6A6CA6E8,,
TCGA-MP-A4TI-01Z-00-DX1.08AB4C0B-F953-41B5-A9BB-7452A8E34A54,,
